Company Number,Company Name,Date Incorporated,Active Directors,Registered Address
00816448,HAYES PARSONS LIMITED,8/20/1964,2,"Colston Tower, Colston Street, Bristol, BS1 4XE"
04955146,2CAN LIMITED,11/6/2003,2,"Suite 15a Marina Court, Castle Street, Hull, England, HU1 1TJ"
08725535,38 DEGREES NORTH LIMITED,10/9/2013,1,"C/O Optima Accountancy Services Ltd, 7 Paynes Park, Hitchin, Herts, England, SG5 1EH"
07210075,83 FURNESS LIMITED,3/31/2010,1,"177 Rawlinson Street, Barrow In Furness, Cumbria, LA14 1ED"
03736325,A E C C ENTERPRISES LTD,3/19/1999,4,"13-15 Parkwood Road, Bournemouth, BH5 2DF"
05642498,A J WILDASH LIMITED,12/1/2005,2,"31 Broomfield House Lanswoodpark, Colchester, Essex, United Kingdom, CO7 7FD"
07768246,AAP FINANCIAL SOLUTIONS LTD,9/9/2011,1,"Unit 2b Stanhope Gate, Stanhope Road, Camberley, England, GU15 3DW"
04176450,ABBEYGATE LIMITED,3/9/2001,3,"New Burlington House, 1075 Finchley Road, London, NW11 0PU"
02890075,ABLE INSURANCE SERVICES LIMITED,1/21/1994,2,"Ellipse Ground Floor, Padley Road, Swansea, SA1 8AN"
07471704,ACCESS CONTROL DIRECT LIMITED,12/16/2010,2,"The Dale Silver Lane, Marchington, Uttoxeter, Staffordshire, ST14 8LL"
11855339,ACCIDENT BUDDY LIMITED,3/1/2019,3,"Sherwood House, 7 Gregory Boulevard, Nottingham, United Kingdom, NG7 6LB"
03841776,ACM BROKING LIMITED,9/15/1999,2,"Building Research Establishment, Bucknalls Lane, Watford, Hertfordshire, WD25 9XX"
SC201254,ACORN SERVICES (EDINBURGH) LIMITED,11/3/1999,1,"26 Forth Street, Edinburgh, Scotland, EH1 3LH"
12024140,ACTEON A1 LIMITED,5/30/2019,1,"Ferryside, Ferry Road, Norwich, Norfolk, England, NR1 1SW"
11353762,ACTIVE LIFE COMMERCIAL LIMITED,5/10/2018,1,"Active Life Group, 21 Hinton Road, Bournemouth, England, BH1 2DE"
01200890,ADJUSTING SERVICES LIMITED,2/19/1975,12,"Bury House, 31 Bury Street, London, EC3A 5AG"
07218434,ADVISEC LTD,4/9/2010,1,"41 Barry Avenue, Bicester, Oxfordshire, OX26 2DZ"
03565404,AFFINITY SELECT INSURANCE SERVICES LIMITED,5/18/1998,2,"Units 1-6 Horsted Square, Bellbrook Industrial Estate, Uckfield, East Sussex, TN22 1QG"
11303489,AFLIB2 LTD,4/11/2018,2,"8 Lloyd's Avenue, London, England, EC3N 3EL"
07977359,AIR INTELLIGENCE LTD,3/6/2012,2,"Thornbury Cottage Cookham Dean Common, Cookham, Maidenhead, Berkshire, England, SL6 9NZ"
09330042,ALDERMONT GROUP LIMITED,11/27/2014,2,"Highfield House 1562 Stratford Road, Hall Green, Birmingham, England, B28 9HA"
10390072,ALFAGATES BROKERS LIMITED,9/22/2016,1,"107 Leadenhall St. London Leadenhall Street, London, England, EC3A 4AF"
05040684,ALLCOVER INSURANCE BROKERS LTD,2/11/2004,2,"2nd Floor, 50 Fenchurch Street, London, England, EC3M 3JY"
00767961,ALLEN BRIGGS (MOTORS) LIMITED,7/17/1963,2,"47/59 Chingford Mount Road, London, E4 8LU"
11970566,ALLIGANTIA LTD,4/30/2019,2,"International House, 61 Mosley Street, Manchester, United Kingdom, M2 3HZ"
08452862,ALTEN LTD,3/20/2013,4,"1st Floor 41 Moorgate, London, United Kingdom, EC2R 6PP"
12165235,ALTEN TECHNOLOGY UK LIMITED,8/20/2019,1,"1st Floor 41 Moorgate, London, United Kingdom, EC2R 6PP"
02460707,ALTERNATIVE ESTATES & FINANCIAL SERVICES LIMITED,1/18/1990,1,"7 New Union Street, Coventry, CV1 2HN"
08984939,ALTERNATIVE ESTATES PROPERTY SERVICES LTD,4/8/2014,1,"7 New Union Street, Coventry, West Midlands, CV1 2HN"
07740629,ALTERNATIVE FINANCIAL SOLUTIONS LIMITED,8/15/2011,1,"Mortimer House 40 Chatsworth Parade, Petts Wood, Orpington, Kent, BR5 1DE"
06669793,ALTOGETHER FINANCIAL SOLUTIONS LIMITED,8/11/2008,1,"Suite 5, First Floor Briar Rhydding House, Briar Rhydding, Baildon, West Yorkshire, England, BD17 7JW"
NI611966,AMP UK MEMBERS LIMITED,3/29/2012,1,"Amp House Moneyduff Road, Cloughmills, Ballymena, County Antrim, Northern Ireland, BT44 9NY"
02717623,ANDERSON & GARLAND LIMITED,5/26/1992,2,"Anderson House Crispin Court, Newbiggin Lane, Westerhope, Newcastle Upon Tyne, NE5 1BF"
11844490,ANDERSON BROOKES BUSINESS FINANCE LTD,2/25/2019,1,"Churchgate House, 30 Churchgate, Bolton, England, BL1 1HL"
11905926,ANGELICA SOLUTIONS SERVICES LIMITED,3/26/2019,1,"20 Sainfoin Road, London, England, SW17 8EP"
10903598,ASCOT INSURANCE HOLDINGS LIMITED,8/7/2017,3,"20 Fenchurch Street, London, United Kingdom, EC3M 3BY"
10906395,ASHLEIGH GREEN FINANCIAL SERVICES LTD,8/9/2017,1,"31b King Street, Stanford Le Hope, Essex, United Kingdom, SS17 0HJ"
11002817,AUTOREMINDME LIMITED,10/9/2017,2,"166 Linacre Road, Liverpool, England, L21 8JU"
10937067,BELGIAN LIMITED,8/30/2017,1,"5 Cooper House, Lower Charlton Trading Estate, Shepton Mallet, Somerset, United Kingdom, BA4 5QE"
11772393,BIG BEAR STORAGE LTD,1/17/2019,1,"Units 9-10 Faygate Business Centre, Faygate Lane Faygate, Horsham, West Sussex, United Kingdom, RH12 4DN"
11271449,BLOOM INSURANCE SERVICES LIMITED,3/23/2018,1,"The Barns Stretton Road, Stretton, Warrington, Cheshire, England, WA4 4NP"
11384656,BRUNTWOOD CIRCLE SQUARE 13 LIMITED,5/26/2018,5,"Union, Albert Square, Manchester, United Kingdom, M2 6LW"
11372736,BRUNTWOOD ORS LIMITED,5/21/2018,5,"Union, Albert Square, Manchester, England, M2 6LW"
05126239,CAB CLAIMS LIMITED,5/12/2004,3,"58 Mosley Street, Manchester, England, M2 3HZ"
11021880,CABIN BOOKERS LIMITED,10/19/2017,1,"Popeshead Court Offices, Peter Lane, York, United Kingdom, YO1 8SU"
03534103,CAPITAL LIFE FUNERAL PLANNING LTD,3/24/1998,1,"3 Coventry Innovation Village, Cheetah Road, Coventry, England, CV1 2TL"
10899155,CAPITAL LIFE INDEPENDENT TRUSTEE COMPANY LIMITED,8/3/2017,1,"3 Coventry Innovation Village, Cheetah Road, Coventry, England, CV1 2TL"
OC421030,CHARLES HILL HUBBARD LLP,2/13/2018,0,"27-28 Southgate, Chichester, West Sussex, PO19 1ES"
04068913,CHILLSPEED LIMITED,9/11/2000,2,"High Road, Bressingham, Diss, Norfolk, IP22 2AT"
12023997,CHUDLEYSTONE LIMITED,5/30/2019,1,"5 Careys Way, Weston-Super-Mare, England, BS24 7HH"
11176475,CITIZEN LEADERS (DERBYSHIRE) LTD,1/30/2018,2,"10 Fairfield Road, Buxton, Derbyshire, England, SK17 7DW"
11027338,CLIFFORD LANE LIMITED,10/23/2017,1,"14 The Drive, Cranleigh, United Kingdom, GU6 7LY"
OC417373,COASTWAY FINANCIAL LLP,5/18/2017,0,"Laburnum House, 9 Darley Road, Eastbourne, United Kingdom, BN20 7PB"
11350185,CROWNHILL CONSERVATORIES LTD,5/8/2018,2,"C/O Precise Accountants Ltd Soldiers Quarters 3, Crownhill Fort, Crownhill, Plymouth, United Kingdom, PL6 5BX"
10982021,CYBER COVERED LIMITED,9/26/2017,3,"10 Western Road, Romford, Essex, United Kingdom, RM1 3JT"
08506161,DEACON INSURANCE SERVICES LIMITED,4/26/2013,2,"The Walbrook Building, 25 Walbrook, London, EC4N 8AW"
09730659,DELPHINIUM SERVICES LTD,8/13/2015,1,"56 Newbold Terrace East, Royal Leamington Spa, United Kingdom, CV32 4EZ"
07820362,DETAILED PLANNING LTD,10/24/2011,1,"Unit 6, St. Albans House, St. Albans Lane, London, England, NW11 7QE"
02438974,DEVITT INSURANCE SERVICES LIMITED,11/2/1989,2,"North House, St Edwards Way, Romford, Essex, RM1 3PP"
05992490,DEYSBROOK DENTAL SURGERY LIMITED,11/8/2006,5,"Bupa Dental Care Vantage Office Park, Old Gloucester Road, Hambrook, Bristol, United Kingdom, BS16 1GW"
05561598,DIAMOND SOLUTIONS (UK) LIMITED,9/13/2005,1,"45 Knowsley Street, Bury, Lancashire, BL9 0ST"
04232407,DIGITAL EXPERTS UK LIMITED,6/11/2001,1,"2 Station Road, Manor Park, London, E12 5BT"
12211302,DN FINANCIAL SOLUTION LIMITED,9/17/2019,1,"146b Fort Dunlop Fort Parkway, Birmingham, United Kingdom, B24 9FE"
11115363,DOMESTIC ASSIST LTD,12/18/2017,1,"Suite 2 Branksome Park House, Branksome Business Park, Poole, Dorset, England, BH12 1ED"
07128815,DOMINIC NORMAN LTD,1/19/2010,2,"111 Castle Road, Salisbury, Wiltshire, SP1 3RP"
02060258,DOVEDALE LIMITED,10/1/1986,3,"20 Coxon Street, Spondon, Derby, Derbyshire, DE21 7JG"
NI063800,DOWN INSURANCES LTD,3/23/2007,1,"69 Church Street, Downpatrick, BT30 6EH"
08951112,DTCS FINANCIAL LIMITED,3/20/2014,1,"28a Cowbridge Road, Pontyclun, Rct, Wales, CF72 9EE"
SC222975,DTS RAEBURN LIMITED,9/6/2001,4,"East Avenue, Priestfield Industrial Estate, Blantyre, Glasgow, G72 0JB"
09676327,DUNSBY ASSOCIATES INSURANCE BROKERS LIMITED,7/8/2015,2,"Granville House, 2 Tettenhall Road, Wolverhampton, West Midlands, England, WV1 4SB"
00362504,E.THORNTON & SON LIMITED,7/24/1940,2,"54 Baldwin Street, Bristol, BS1 1QP"
09681752,EASON GROUP LIMITED,7/13/2015,2,"C/O HILLIER HOPKINS LLP, First Floor Radius House 51 Clarendon Road, Watford, Herts, WD17 1HP"
07025733,EAST RIDING FINANCE LTD,9/22/2009,1,"B1 Business Centre, Suite 206 Davyfield Road, Blackburn, Lancashire, BB1 2QY"
07350954,EASTWOODS SOLICITORS LTD,8/19/2010,3,"16-18 New Bridge Street, London, EC4V 6AG"
03609556,EBA INSURANCE SERVICES LIMITED,8/4/1998,9,"52-56 Leadenhall Street, London, England, EC3A 2EB"
NI035482,ECOTECH SOLAR SOLUTIONS LTD,1/20/1999,2,"Unit 22 City Business Park, Belfast, N Ireland, BT17 9HY"
02156767,ECS INSURANCE BROKERS LIMITED,8/24/1987,2,"2nd Floor 50 Fenchurch Street, London, England, EC3M 3JY"
10271744,EDDISON WELLS LIMITED,7/11/2016,2,"5 Ambassador Place, Stockport Road, Altrincham, England, WA15 8DB"
05303008,EDGARS PROPERTY COMPANY LIMITED,12/2/2004,2,"The Old Ferry House, Church Square, Old Shepperton, Middlesex, TW17 9JY"
07302354,EDWARDS GIBSON LIMITED,7/2/2010,2,"Lynton House, 7-12 Tavistock Square, London, WC1H 9LT"
SC602366,EHSAAS CARE LTD,7/12/2018,2,"12a Grampian Court, Dedridge, Livingston, West Lothian, EH54 6QF"
00258414,EIBL LIMITED,8/14/1931,3,"Embankment West Tower, 101 Cathedral Approach, Salford, United Kingdom, M3 7FB"
03640213,ELEY INSURANCE SERVICES LIMITED,9/23/1998,3,"19a London Road, Stanway, Colchester, Essex, CO3 0NH"
07118289,ELITE FS LTD,1/7/2010,1,"Suite 5 63-67 Athenaeum Place, Muswell Hill, London, N10 3HL"
01897336,ELLIOTT SLOWTHER INSURANCE SERVICES LIMITED,3/20/1985,2,"Ferndale House, 70/71 North Road, Boldon Colliery, Tyne And Wear, NE35 9AX"
07201151,EMERALD LIFE LIMITED,3/24/2010,2,"286 Queensbridge Road, London, England, E8 3NH"
07161967,ENGAGE PSG LIMITED,2/18/2010,2,"91 Wimpole Street, London, England, W1G 0EF"
04821470,EXTENSOR LIMITED,7/4/2003,1,"Live & Let Live Cottage, Fore Street Weston, Hitchin, Herts, SG4 7AS"
04038999,EXTRAFIT LIMITED,7/24/2000,1,"Lavender House Services, Lower Bere Wood, Waterlooville, Hampshire, PO7 7NQ"
01305146,F. WILSON (INSURANCE BROKERS) LIMITED,3/28/1977,7,"Adlington Court Adlington Business Park, Adlington, Macclesfield, Cheshire, England, SK10 4NL"
07435625,FALCON INSURANCE SERVICES LIMITED,11/10/2010,1,"Hunters Lodge Lyminster Road, Wick, Littlehampton, England, BN17 7PS"
10477419,FALCON MGA SERVICES LIMITED,11/14/2016,4,"Number One Vicarage Lane, Stratford, London, United Kingdom, E15 4HF"
03740623,FARMER INSURANCE AGENCY LTD,3/24/1999,1,"Hexagon House Hexagon House, Grimbald Crag Close, Knaresborough, United Kingdom, HG5 8PJ"
11775867,FC MORTGAGE AND PROTECTION LTD,1/18/2019,1,"11 Ellis House, Ellis Court, Harrogate, United Kingdom, HG1 2SH"
04807956,FENTON SIMPSON FINANCIAL SERVICES LTD,6/23/2003,2,"Ian Walker & Co Chartered Accountants Heworth House, Melrosegate, Heworth, York, North Yorkshire, England, YO31 0RP"
01973074,FINANCE INTERNATIONAL LIMITED,12/19/1985,2,"Dockmaster's House, 1 Hertsmere Road, London, England, E14 8JJ"
04088545,FINANCE INTERNATIONAL UK LIMITED,10/11/2000,1,"239-241 Kennington Lane, London, United Kingdom, SE11 5QU"
01807791,FINANCIAL AFFAIRS LIMITED,4/11/1984,6,"8 Standish Street, Burnley, Lancashire, United Kingdom, BB11 1AP"
NI064828,FIND INSURANCE NI LTD,5/23/2007,4,"42-44 Spencer Road, Londonderry, BT47 6AA"
05856869,FIRST UNION FINANCE LIMITED,6/23/2006,1,"Alban House Garnell Business Park, Brownfields, Welwyn Garden City, Hertfordshire, AL7 1AY"
05856873,FIRST UNION FINANCES LIMITED,6/23/2006,1,"Alban House Garnell Business Park, Brownfields, Welwyn Garden City, Hertfordshire, AL7 1AY"
05856908,FIRST UNION GROUP LIMITED,6/26/2006,1,"Alban House Garnell Business Park, Brownfields, Welwyn Garden City, Hertfordshire, AL7 1AY"
07384382,FIRST UNION LIMITED,9/22/2010,1,"Alban House Garnell Business Park, Brownfields, Welwyn Garden City, Hertfordshire, AL7 1AY"
05924713,FIRST UNION VENTURES LIMITED,9/5/2006,1,"Alban House Garnell Business Park, Brownfields, Welwyn Garden City, Hertfordshire, AL7 1AY"
01207425,FIVEWAYS INSURANCE CONSULTANTS LIMITED,4/14/1975,1,"51 High Street, Newport Shropshire, Shropshire, TF10 7AT"
05801781,FLAG INSURANCE (BROKERS) LIMITED,5/2/2006,3,"1 Rectory Row, Bracknell, Berkshire, RG12 7BN"
08953371,FORCES ADVICE LTD,3/21/2014,3,"Unit 4, Barnes Croft Coles Lane, Milborne St. Andrew, Blandford Forum, Dorset, England, DT11 0LG"
10345563,FORCES COMPARE LIMITED,8/25/2016,2,"Wellfield House Park House Lane, Keynsham, Bristol, United Kingdom, BS31 2SG"
03747937,FORGE LIMITED,4/8/1999,2,"Norfolk House, 75 Bartholomew Street, Newbury, Berkshire, RG14 5DU"
05098077,FORRESTER ACCESS LIMITED,4/7/2004,1,"Burghfields Cottage Cemetery Lane, Bourton-On-The-Water, Cheltenham, Gloucestershire, England, GL54 2LB"
04849648,FOUR COUNTIES INSURANCE BROKERS LIMITED,7/29/2003,2,"1 Minster Court, London, United Kingdom, EC3R 7AA"
09320740,FRANCO FLORENZI LTD,11/20/2014,2,"4 Armstrong House, Manor Fields, London, England, SW15 3NF"
10399389,FREEDOM BROKERS LTD,9/28/2016,1,"Eden Point Three Acres Lane, Cheadle Hulme, Cheadle, England, SK8 6RL"
02783487,FREEHOLD MANAGERS PLC,1/20/1993,5,"Butlers Wharf Building, 36 Shad Thames, London, SE1 2YE"
NI644531,FRIENDLY FINANCIAL LIMITED,3/14/2017,1,"Unit 36 Templemore Business Park, Derry, Northern Ireland, BT48 0LD"
09938502,FRONTLINE DISCOUNT LTD,1/6/2016,1,"15 Limousin Avenue, Milton Keynes, Bucks, England, MK8 1AF"
10831430,FSB INSURANCE SERVICE LIMITED,6/22/2017,5,"20 Fenchurch Street, London, United Kingdom, EC3M 3AZ"
09241439,FULL-TIME COVER LIMITED,9/30/2014,2,"8 Devonshire Square, 3rd Floor, London, England, EC2M 4PL"
05241217,FUSION INSURANCE SERVICES SCANDINAVIA LIMITED,9/24/2004,2,"1 Minster Court, London, United Kingdom, EC3R 7AA"
09733763,FWD SOLUTIONS LIMITED,8/14/2015,1,"First Floor, Telecom House, 125-135 Preston Road, Brighton, England, BN1 6AF"
01392638,G.A. HINKS & CO. LIMITED,10/5/1978,2,"16 Wright Street, Hull, East Yorkshire, HU2 8JU"
03726095,GAUNTLET RISK MANAGEMENT LIMITED,3/3/1999,2,"Unit 15 Acorn Business Park, Killingbeck Drive, Leeds, England, LS14 6UF"
11507520,GB FINANCIAL GROUP LTD,8/8/2018,1,"Lockheed House Green Lane Business Park, 238 Green Lane, London, England, SE9 3TL"
OC425721,GB GLOBAL SOLUTIONS LLP,1/22/2019,0,"20-22 Wenlock Road, London, England, N1 7GU"
10623965,GEO SPECIALTY LIMITED,2/16/2017,2,"1 Minster Court, London, United Kingdom, EC3R 7AA"
03936940,GILL INSURANCE & FINANCE CONSULTANTS LTD,3/1/2000,2,"78 Tavistock Street, Bedford, Bedfordshire, MK40 2RP"
00747007,GILL NOBLE & COMPANY LIMITED,1/16/1963,4,"Pennyweights, Welcomes Road, Kenley, Surrey, CR8 5HB"
06397649,GILL NOBLE INVESTMENTS LIMITED,10/12/2007,1,"Pennyweights, 163 Welcomes Road, Kenley, Surrey, CR8 5HB"
11424874,GLOBAL ACCESS CARE LTD,6/20/2018,1,"Corby Business Centre, Eismann Way, Corby, England, NN17 5ZB"
03399319,GLOBAL INVESTIGATIONS LIMITED,7/7/1997,1,"62 The Street, Ashtead, Surrey, KT21 1AT"
SC270103,GLOBAL VOICES LTD.,7/1/2004,1,"Unit A Logie Court, Stirling University Innovation Park, Stirling, Scotland, FK9 4NF"
10195899,GRAHAM GOLDTHORPE STONEMASONRY LTD,5/24/2016,1,"The Stone Hub, Bullhouse Mill Lee Lane, Millhouse Green, Sheffield, England, S36 9NN"
04623595,GRAHAM SYKES LIMITED,12/23/2002,1,"28 Alexandra Terrace, Exmouth, Devon, EX8 1BD"
SC117847,GRAY LINE (SCOTLAND) LIMITED,5/12/1989,2,"81 Salamander Street, Leith, Edinburgh, EH6 7JZ"
SC345006,GREY LODGE SETTLEMENT,6/26/2008,7,"21 South George Street, Dundee, Tayside, DD1 2QF"
05112434,GROSVENOR CONSULTANCY SERVICES LIMITED,4/26/2004,2,"36 Herons Place, Isleworth, England, TW7 7BE"
03277391,"GROVES, JOHN & WESTRUP LIMITED",11/12/1996,6,"Walker House 8th Floor, Exchange Flags, Liverpool, England, L2 3YL"
01565756,H.W. WOOD LIMITED,6/2/1981,7,"The Baltic Exchange, 38 St Mary Axe, London, EC3A 8BH"
07293628,HALKYN CONSULTING LTD,6/23/2010,1,"The Red House, Bryn Offa Lane, Mold, Clwyd, CH7 6RQ"
05531211,HALLMARK FINANCIAL SERVICES LIMITED,8/9/2005,2,"Unit 5 Essex Technology And, Innovation Centre The Gables, Ongar, Essex, CM5 0GA"
05127653,HAMPDEN HOUSE PSYCHOTHERAPY LTD,5/13/2004,3,"Hampden House, 2 Palatine Road, Withington, Manchester, M20 3JA"
04865503,HANNELLS LIMITED,8/13/2003,2,"55-57 High Street, Chellaston, Derby, Derbyshire, England, DE73 6TB"
01349620,HARBOROUGH PORTAS FINANCIAL SOLUTIONS LTD,1/23/1978,2,"The Greeen 38-40 High Street, Syston, Leicester, Leics, LE7 1GP"
01780746,HARBOROUGH PORTAS LIMITED,12/23/1983,5,"The Green, 38-40 High Street, Syston Leicester, Leicestershire, LE7 1GP"
07729793,HARD TO INSURE LIMITED,8/4/2011,2,"4 - 6 Aaron Road Whittlesey, Peterborough, United Kingdom, PE7 2EX"
10328657,HARMONY HEALTH COVER LTD,8/15/2016,2,"1 Winston Parade, 55 Lymington Road, New Milton, England, BH25 6PT"
07354942,HARRIDEC LTD,8/24/2010,2,"15 Turners Close, Ongar, Essex, CM5 9HH"
04582221,HARRISON BEAUMONT INSURANCE SERVICES LIMITED,11/5/2002,2,"Globe House, Turret Lane, Ipswich, IP4 1DL"
04949969,HARRY WILLIS LIMITED,10/31/2003,1,"93 Monkchester Road, Newcastle Upon Tyne, Tyne And Wear, NE6 2LL"
00816448,HAYES PARSONS LIMITED,8/20/1964,2,"Colston Tower, Colston Street, Bristol, BS1 4XE"
02426471,HEDON INSURANCE CONSULTANTS LIMITED,9/26/1989,5,"24 New Road, Hedon, Nr Hull, HU12 8EN"
07394466,HILLMAN SAUNDERS LIMITED,10/1/2010,2,"Fusion People Ltd, 2nd Floor, 3700 Parkway, Whiteley, Fareham, Hampshire, England, PO15 7AW"
04340771,HINE INSURANCE BROKERS LIMITED,12/14/2001,2,"79-81 School Lane, Didsbury, Manchester, M20 6WN"
09629697,HINKS HOLDINGS LTD,6/9/2015,1,"16 Wright Street, Hull, East Yorkshire, United Kingdom, HU2 8JU"
04639108,HIT SYSTEMS LIMITED,1/16/2003,2,"1 Richard Taunton Place, Highfield, Southampton, Hampshire, SO17 1UA"
SC225548,HK MORTGAGES LIMITED,11/21/2001,1,"88 Henderson Street, Bridge Of Allan, Stirling, FK9 4HA"
04659831,HOWELL INSURANCE SERVICES LIMITED,2/10/2003,2,"HOWELL INSURANCE SERVICES LTD, Island House, Colhugh Street, Llantwit Major, South Glamorgan, CF61 1RE"
00056674,"HUGGINS AND COMPANY,LIMITED",26/3/1898,1,"Westgate Brewery, Bury St Edmunds, Suffolk, United Kingdom, IP33 1QT"
04145086,HULL SELF STORE LIMITED,1/22/2001,3,"C/O H Appleyard And Sons Ltd, Denby Way Hellaby Industrial, Estate Hellaby Rotherham, South Yorkshire, S66 8HR"
05006938,HW ASSOCIATES LIMITED,1/6/2004,1,"Portmill House, Portmill Lane, Hitchin, Hertfordshire, SG5 1DJ"
04614939,IFL MANAGEMENT LIMITED,12/11/2002,1,"Runnymede Malthouse Business Centre, Malthouse Lane, Egham, Surrey, TW20 9BD"
04319592,INFINITY INSURANCE SOLUTIONS LIMITED,11/8/2001,4,"2nd Floor 1 Tower View, Kings Hill, West Malling, Kent, ME19 4UY"
06788541,INGENI SERVICES LIMITED,1/12/2009,2,"Unit 11 Foundry Lane, Earls Colne, Colchester, England, CO6 2TE"
10475094,INSPIRE NLP LIMITED,11/11/2016,1,"Elm Cottage, Green Lane, Redruth, United Kingdom, TR15 1LT"
10467143,INSPIRED PROTECT LTD,11/7/2016,1,"Channing House, 14 Butts Road, Alton, United Kingdom, GU34 1ND"
04502773,INSURANCE LTD,8/2/2002,1,"85 Great Portland Street, London, England, W1W 7LT"
08150845,INTERPRETING GLOBAL LIMITED,7/20/2012,1,"Unit 1 The Crossroads Freckleton Street, Kirkham, Preston, England, PR4 2SH"
01338085,IRVINE INSURANCE BROKERS LIMITED,11/9/1977,3,"33 Hampton Street, Warwick, CV34 6HU"
09182276,J W SEAGON AND CO INSURANCE BROKERS (UK) LTD,8/19/2014,2,"Elm Cottage, Church Farm Barns Church Road, North Farmbridge, Essex, United Kingdom, CM3 6LU"
01076768,J. ILLINGWORTH AND COMPANY LIMITED,10/16/1972,4,"Newgate House, 1 Newgate, York, North Yorkshire, YO1 7LA"
03570857,JADE STANLEY LIMITED,5/27/1998,1,"5 Chapel Mews, Waterloo Street, Hove, East Sussex, BN3 1AR"
08715032,JAIRAM OUTSOURCING LIMITED,10/2/2013,1,"50 Salisbury Road, Hounslow, London, England, TW4 6JQ"
04681610,JAMES & LINDSAY LTD,2/28/2003,3,"201 Shrub End Road, Colchester, Essex, United Kingdom, CO3 4RH"
06522472,JAMES ROSE ASSOCIATES LIMITED,3/4/2008,2,"39 Oakdale Road, Nottingham, NG3 7EL"
07459307,JANE CHEWINS LTD,12/3/2010,1,"First Floor, Pembroke House Ellice Way, Wrexham Technology Park, Wrexham, Wales, LL13 7YT"
09041910,JARDINE KENNEDY MANAGEMENT SERVICES LIMITED,5/15/2014,2,"1st Floor 2 Woodberry Grove, Finchley, London, N12 0DR"
08012029,JASON O'BRIEN & FAMILY FUNERAL SERVICES LIMITED,3/29/2012,2,"84 Huxley Street, Oldham, United Kingdom, OL4 5JZ"
01695253,JCT600 (SOUTH YORKSHIRE) LIMITED,1/28/1983,4,"Tordoff House, Apperley Bridge, Bradford, West Yorkshire, BD10 0PQ"
00413250,JCT600 LIMITED,6/20/1946,6,"Tordoff House, Apperley Bridge, Bradford, West Yorkshire, BD10 0PQ"
03272229,JDC CONSULTANTS LIMITED,10/31/1996,1,"First Floor Redington Court, 69 Church Road Hove, East Sussex, BN3 2BB"
10519446,JDMS (WYBOSTON) LIMITED,12/9/2016,1,"Suite 4 Wyboston Lakes Hotel, Wyboston, England, MK44 3BA"
04487685,JEM TRANSPORT LTD,7/16/2002,2,"30 Flowery Leys Lane, Alfreton, Derbyshire, DE55 7HA"
03871797,JENKINSON & CO (HOLDINGS) LIMITED,11/4/1999,4,"New Ebury House, South Grove, Rotherham, South Yorkshire, S60 2AF"
04551885,JEQUIER NEWITT INSURANCE BROKERS LIMITED,10/2/2002,2,"Suite 1a Tannery Court, Stratton Way, Abingdon, Oxfordshire, OX14 5TS"
10121252,JERICHO RECRUITMENT SOLUTIONS LIMITED,4/13/2016,1,"42 Office 74, 42 Triangle West, Clifton, Bristol, England, BS8 1ES"
07292363,JK COMMS LIMITED,6/22/2010,1,"Unit 3 Diamond Business Centre, Holland Road, Oxted, Surrey, RH8 9BQ"
11926731,JLL INSURANCE SERVICES LTD,4/4/2019,1,"Oswaldtwistle Mills Business & Conference Centre, Pickup Street, Accrington, England, BB5 0EY"
00572366,JOHN DARKE LIMITED,10/3/1956,13,"A16 Garage, Grimsby Road, Louth, Lincolnshire, LN11 0EA"
03265305,JOHN HARRISON (WORKSOP) LIMITED,10/18/1996,1,"78 Carlton Road, Worksop, Nottinghamshire, S80 1PH"
SC249969,JOHN SWAN LIMITED,5/22/2003,3,"Auction Mart Auction Mart, Newtown St. Boswells, Melrose, Roxburghshire, Scotland, TD6 0PP"
10526973,JONATHAN TERRY INDEPENDENT FUNERAL DIRECTORS LTD,12/15/2016,2,"101 Peartree Avenue, Southampton, United Kingdom, SO19 7JJ"
00218842,JOSEPH FLACH & SONS LIMITED,1/10/1927,3,"22 Maxwell Road, Peterborough, England, PE2 7JD"
11780322,JUNO FINANCIAL SERVICES LIMITED,1/22/2019,1,"The Dairy, Manor Courtyard, Aston Sandford, Bucks, England, HP17 8JB"
08064699,JUST BOOKKEEPING LIMITED,5/10/2012,1,"5 London Road, Rainham, Gillingham, Kent, ME8 7RG"
09963777,KAICOM LIMITED,1/21/2016,1,"120 King George Road, Chatham, England, ME5 0PS"
04701119,KALLIS & CO. UK LIMITED,3/18/2003,2,"1148 High Road, Whetstone, London, N20 0RA"
09058922,KAPUT LIMITED,5/28/2014,1,"Holton Park Hadleigh Road, Holton St. Mary, Colchester, CO7 6NN"
00201233,"KEETON,SONS & CO.,LIMITED",10/24/1924,6,"Cedar House, 63 Napier Street, Sheffield, South Yorkshire, England, S11 8HA"
SC144064,KENKLEEN LIMITED,4/27/1993,2,"Unit 8f Tweedside Park, Tweedbank, Galashiels, Scotland, TD1 3TE"
03225085,KINGSVILLE DEVELOPMENTS LIMITED,7/16/1996,2,"11 Admiral Square, Chelsea Harbour, London, SW10 0UU"
11495356,KOR FINANCE LIMITED,8/1/2018,1,"23 Tajinder Dhuria & Co, Lg126, 23 Austin Friars, London, United Kingdom, EC2N 2QP"
09178973,KUMOCO LIMITED,8/18/2014,2,"2 Kingdom Street, London, England, W2 6BD"
09033775,LANCASHIRE WILLS LIMITED,5/12/2014,2,"209 Liverpool Road Birkdale, Southport, PR8 4PH"
06806625,LAND AND WAVE LTD,1/30/2009,3,"14 Jaden Centre Prospect Way, Swanage, England, BH19 1EJ"
OC403435,LANE WILLIS HOLDINGS LLP,12/15/2015,0,"High Acres Willis Lane, Four Marks, Alton, Hampshire, United Kingdom, GU34 5AP"
11668918,LANGTON EXECUTIVES LIMITED,11/9/2018,1,"84 Burden Drive, Bishopdown, Salisbury, England, SP1 3RD"
SC053328,LAURIE ROSS LIMITED,6/11/1973,2,"6th Floor, 7 Buchanan Street, Glasgow, Scotland, G1 3HL"
12068443,LEADMAN LTD,6/25/2019,1,"Kemp House, 160 City Road, London, United Kingdom, EC1V 2NX"
07109505,LEAF CARE SERVICES LTD,12/21/2009,1,"Unit 4 St Benedicts View, Grapes Hill, Norwich, Norfolk, NR2 4HH"
07087598,LEASEPOINT VEHICLE MANAGEMENT LIMITED,11/26/2009,1,"1 Macon Court, Herald Drive, Crewe, Cheshire, England, CW1 6EA"
08742632,LEISER & CO LIMITED,10/22/2013,1,"35 Ballards Lane, London, N3 1XW"
09324885,LESSON MOORE LIMITED,11/24/2014,2,"The Hayloft Manor Farm Church Lane, Chilcompton, Radstock, England, BA3 4HP"
05988192,LETREF LTD,11/3/2006,2,"15 Boundary House Boston Road, London, England, W7 2QE"
02326095,LUKER ROWE & COMPANY LIMITED,12/7/1988,7,"King George V House, King George V Road, Amersham, England, HP6 5FB"
02340151,LUTINE ASSURANCE SERVICES LIMITED,1/27/1989,2,"SCOTT HOUGH, Quay Point, Lakeside Boulevard, Doncaster, South Yorkshire, DN4 5PL"
11911561,MARC CATRY LIMITED,3/28/2019,1,"66 St. Nicolas Park Drive, Nuneaton, United Kingdom, CV11 6DJ"
03187620,MARTIN INSURANCE SERVICES LTD,4/18/1996,1,"160 Church Street, Cliff, Rochester, Kent, ME3 7QB"
11878392,MD FARRIER SERVICES LTD,3/13/2019,1,"64 Dunkirk Avenue, Desborough, Northants, England, NN14 2PL"
03356946,MEDICAL INSURANCE CONSULTANTS LTD.,4/21/1997,3,"Park House, 45 The Park, Yeovil, Somerset, BA20 1DF"
OC426322,MILSOM INSURANCE BROKERS LLP,3/8/2019,0,"The Old Exchange, 521 Wimborne Road East, Ferndown, Dorset, United Kingdom, BH22 9NH"
11798843,MORRIS PERRIN INSURANCE CONSULTANTS LIMITED,1/31/2019,2,"145 Albert Street, Fleet, United Kingdom, GU51 3RP"
04654362,MOSAIC MORTGAGE MANAGEMENT LIMITED,1/31/2003,1,"32 High Street, Greens Norton, Towcester, Northamptonshire, England, NN12 8BA"
02626462,NAUTICAL INSURANCE SERVICES LIMITED,7/4/1991,1,"Beren Court, Newney Green, Chelmsford, Essex, CM1 3SQ"
11388545,NEUROTECHNICS LIMITED,5/30/2018,2,"Cephalon House Unit 8 Manor Park, Wild Mere Ind Est, Banbury, Oxford, England, OX16 3TB"
11795968,NEWABLE AVITUS LIMITED,1/29/2019,4,"140 Aldersgate Street, London, England, EC1A 4HY"
11356992,OMEGA FINANCIAL BROKERS LTD,5/11/2018,2,"5 Hull Road, Swindon, United Kingdom, SN2 2FB"
11811786,QWORKERY LTD,2/7/2019,2,"12b Otley Street, Skipton, England, BD23 1DZ"
10718058,RADIANTLIFE FINANCIAL SERVICES LTD,4/10/2017,2,"183 Cherry Tree Lane, Rainham, United Kingdom, RM13 8TU"
11315934,RADIANTLIFE FRANCHISE LTD,4/18/2018,2,"183 Cherry Tree Lane, Rainham, Essex, United Kingdom, RM13 8TU"
11714770,RADIANTLIFE GROUP HOLDINGS LTD,12/6/2018,2,"183 Cherry Tree Lane, Rainham, Essex, United Kingdom, RM13 8TU"
11715815,REVOLUTION FINANCE BROKERS LIMITED,12/6/2018,1,"193 Havering Road, Romford, United Kingdom, RM1 4TB"
11498759,SJP LAW PRIVATE NOMINEE SERVICES LIMITED,8/3/2018,5,"5 Parliament Street, Hull, England, HU1 2AZ"
10786090,SPECIALIST LINES ADJUSTING LIMITED,5/24/2017,1,"Centric House, E2 Waterfold Business Park, Bury, BL9 7BR"
01856766,VERLINGUE WEALTH MANAGEMENT LIMITED,10/18/1984,7,"Virginia House, 35 - 51 Station Road, Egham, Surrey, TW20 9LB"
11005250,VILLAGE FINANCIAL SOLUTIONS LTD,10/10/2017,2,"The Coppice, Rowney Green Lane, Rowney Green, Birmingham, England, B48 7QF"
11232942,WINSTREE FINANCIAL SERVICES LTD,3/5/2018,1,"90-92 Suite 208, Wellington House, Butt Road, Colchester, Essex, England, CO3 3DA"
